epoch,loss,val_loss
0,6.261364736407995,5.286877396534423
0,6.907756654522087,5.728550353682185
