epoch,loss,val_loss
0,7.572013203101822,6.172391388789717
1,6.746861933454682,5.700663359768419
